,time,stock_res,inflow_res,outflow_res,stock_com,inflow_com,outflow_com,stock_pub,inflow_pub,outflow_pub
0,1900.0,8651.815162383902,8651.815162383902,0.0,1593.5396656216476,1593.5396656216476,0.0,335.7610792859442,335.7610792859442,0.0
1,1901.0,9209.416672744548,557.6015105615224,2.0087645680177957e-07,1696.2418278492323,102.70216380989314,1.5823084140720312e-06,357.4005712788102,21.63949199314476,2.787601260934025e-10
2,1902.0,9390.213082616992,180.79641877510585,8.9026621026278e-06,1729.5419209656861,33.30013571547079,4.259901707825975e-05,364.4169483708365,7.016377110886879,1.8860593087310917e-08
3,1903.0,9712.288391626744,322.0753850424826,7.603273027712021e-05,1788.8635512353474,59.32189761716404,0.00026734750279189257,376.9161004371725,12.49915227525247,2.0891652052767995e-07
4,1904.0,9776.108911062642,63.82085133918008,0.00033190328133514413,1800.6183711538138,11.755757207349689,0.0009372888833212301,379.39285775158584,2.4767584129909324,1.0985775480421012e-06
5,1905.0,10173.727452973664,397.61955715272234,0.0010152417004434255,1873.8539762181351,73.2380273134122,0.0024222490907845895,394.8237041428259,15.43085027087119,3.879631170100595e-06
6,1906.0,10747.031451241386,573.3064943946265,0.0024961269052212742,1979.448310418795,105.59953002404654,0.005195823386571874,417.07258089347977,22.24888746835188,1.0717697977113971e-05
7,1907.0,10906.717731925415,159.69157692610315,0.005296242074464885,2008.8602219714082,29.42174401811326,0.00983246549994199,423.2697125870393,6.197156772079325,2.507851978617026e-05
8,1908.0,10595.282852392616,0.0,311.434879532799,1951.4984054648162,0.0,57.36181650659211,411.1834960744794,0.0,12.086216512559936
9,1909.0,11187.564861744157,592.2993161672603,0.017306815719379642,2060.588215801877,109.11652967145255,0.026719334391714256,434.1688746302003,22.98547453667919,9.598095821905517e-05
10,1910.0,11291.203732247144,103.66753816688652,0.028667663899533125,2079.6770021371176,19.129784244333678,0.0409979090935213,438.1909091238813,4.0222042705387935,0.00016977685781371932
11,1911.0,11521.357549938297,230.19900067992967,0.04518298877740534,2122.0680184500516,42.451330696715104,0.060314383780873726,447.12275669336503,8.93213145183779,0.00028388235405962803
12,1912.0,11821.85941940963,300.57023958838,0.06837011704727303,2177.416132066488,55.43383836152043,0.0857247450838532,458.78468313624785,11.662379734478577,0.00045329159573226363
13,1913.0,12071.474151062064,249.71473115314802,0.09999950071212282,2223.391568266405,46.093821125687555,0.1183849257708296,468.47177308584406,9.6877864365228,0.0006964869266141704
14,1914.0,11727.497406226721,0.0,343.97674483534405,2160.036009154402,0.0,63.35555911200271,455.12266646168473,0.0,13.349106624159365
15,1915.0,11948.339906990057,221.0339167631828,0.19141599984764923,2200.712015081057,40.88059835802733,0.20459243137223915,463.69315889787225,8.5719478716955,0.0014554355079572368
16,1916.0,12707.289267007078,759.2091208659476,0.25976084892735685,2340.4995494522896,140.05269940366088,0.26516503242855727,493.14659167006266,29.455487296534557,0.0020545243441567607
17,1917.0,12668.879773191788,0.0,38.40949381528798,2333.4250742372815,0.0,7.0744752150081895,491.6559896569361,0.0,1.490602013126541
18,1918.0,13259.870297563499,591.4423377139319,0.45181334222243663,2442.2770116535416,109.2761399669912,0.424202550730568,514.5912480491342,22.939097692344603,0.003839300146567748
19,1919.0,13474.38484761361,215.0977224216076,0.5831723714955928,2481.7875002552923,40.03739091177886,0.5269023100283867,522.9161643234108,8.33003738258401,0.005121108307332367
20,1920.0,13548.204003430712,74.56200163411813,0.7428458170154073,2495.3839248979157,14.24358635803128,0.6471617154080693,525.7809503785833,2.8715156776981985,0.006729622525744716
21,1921.0,13520.282664436885,0.0,27.921338993828133,2490.2412166489726,0.0,5.142708248943064,524.6973744191206,0.0,1.0835759594626333
22,1922.0,13972.277719988811,453.15711599498354,1.1620604430577544,2573.4921918684186,84.19733680074023,0.9463615812938482,542.2384735798901,17.552252118463343,0.011152957693881582
23,1923.0,14851.99261674728,881.1478600005394,1.4329632420711107,2735.522997671788,163.1614977131294,1.13069190976036,576.3785953526902,34.154249885429635,0.014128112629502088
24,1924.0,15163.31562741421,313.0742863045107,1.7512756375803207,2792.864209545506,58.68185170460356,1.340639830885051,588.4604704397298,12.09959198194224,0.01771689490267736
25,1925.0,15455.206430890139,294.0135952698438,2.1227917939129384,2846.6262889056134,55.340517411166275,1.5784380510590932,599.7882172037645,11.349759025509911,0.022012261475184314
26,1926.0,16021.906123507566,569.2534256162271,2.5537329988014292,2951.0042051847036,106.22431705626013,1.8464007771700555,621.7807929642263,22.019692393972946,0.02711663351113014
27,1927.0,16226.467206165995,207.6118424538945,3.0507597954636836,2988.6814085392066,39.82412113220562,2.1469177777027753,629.7194334233886,7.971782897729099,0.033142438566799104
28,1928.0,16437.939203468177,215.09297949938264,3.620982197201535,3027.631502773121,41.4325410912611,2.4824468573464973,637.9262738054676,8.247053041465279,0.04021265938625396
29,1929.0,16984.707282444528,551.0400475790047,4.271968602653594,3128.338303067788,103.56230621354871,2.8555059188820824,659.1453401944931,21.267527776557813,0.04846138753237561
30,1930.0,16427.40055939594,0.0,557.306723048587,3025.690436414701,0.0,102.64786665308678,637.5172883565772,0.0,21.62805183791592
31,1931.0,16113.581448893996,0.0,313.8191105019473,2967.8894789243927,0.0,57.800957490308335,625.3385442127118,0.0,12.178744143865307
32,1932.0,15165.166702643128,0.0,948.414746250865,2793.205150925548,0.0,174.68432799884465,588.5323072745484,0.0,36.80623693816348
33,1933.0,15054.280806467945,0.0,110.88589617518365,2772.781566903387,0.0,20.423584022160796,584.2290290053546,0.0,4.303278269193753
34,1934.0,15669.40103613389,623.1412139884942,8.020984322548948,2886.0778482849796,118.0843862522679,4.788104870675573,608.1007170068754,23.97182280498737,0.10013480346666714
35,1935.0,16554.089748711427,893.8819938541437,9.193281276605099,3049.0247592811234,168.31656896037202,5.369657964228152,642.4338634497866,34.44997597784061,0.11682953492943282
36,1936.0,17316.47895791336,772.8850401202253,10.495830918290501,3189.4458642981726,146.4218459610479,6.000740943998357,672.0207904602647,29.722644781339,0.13571777086081038
37,1937.0,17955.647006876145,651.1066118562121,11.938562893426841,3307.171407424494,124.40903750933512,6.68349438301345,696.8257302257257,24.96195376596529,0.15701400050435277
38,1938.0,17580.62405214774,0.0,375.0229547284052,3238.097583878583,0.0,69.0738235459114,682.2717771334223,0.0,14.553953092303331
39,1939.0,18187.40696876093,621.7609280413599,14.978011428174767,3349.8582523506407,119.8193172514566,8.058648779398982,705.8199093057445,23.75160305413135,0.20347088180917483
40,1940.0,18927.932400017802,757.3908062841947,16.865375027319757,3486.2523645642277,145.2864513169161,8.892339103329332,734.5583431916793,28.97123267665529,0.23279879072048937
41,1941.0,20130.255342908633,1221.2550649727273,18.93212208189459,3707.7029231376005,231.23454635971257,9.783987786339715,781.2182915815206,46.925410633716524,0.26546224387520434
42,1942.0,21171.891637358385,1062.8256649472169,21.18937049746561,3899.5573168345027,202.5893802493688,10.734986552466589,821.6422858397951,40.72573508216976,0.3017408238952055
43,1943.0,22139.345828515572,991.1025846424454,23.64839348526135,4077.7484361944885,189.93762379944337,11.746504439457725,859.187408717009,37.88705127439118,0.34192839717745027
44,1944.0,22993.742281783125,880.7170182820228,26.32056501446924,4235.115949588423,170.18697711101322,12.819463717078774,892.3449681311832,33.54389247567224,0.3863330614978664
45,1945.0,23034.14663796646,69.62165475047368,29.21729856713828,4242.557849702284,21.396413154614493,13.954513040753264,893.9129870942967,2.0032959645401434,0.435277001426714
46,1946.0,22389.100564400742,0.0,645.0460735657213,4123.749659156379,0.0,118.80819054590535,868.8799319741145,0.0,25.03305512018226
47,1947.0,22448.033718596358,93.71129661172745,34.778142416109105,4134.604296832784,26.86414170948592,16.009504033080553,871.1670196068318,2.820169465852018,0.533081833134752
48,1948.0,23150.977859496823,741.2635592508304,38.31941835036116,4264.076476972676,146.7712672130965,17.29908707320468,898.4469925369789,27.875910362238756,0.5959374320915807
49,1949.0,23250.672358259762,141.8170748081393,42.12257604519974,4282.4387668784675,37.01073609499872,18.648446189207114,902.3159531972865,4.533551602099578,0.6645909417921156
50,1950.0,24467.912397091604,1263.4377098499936,46.1976710181547,4506.636839543591,244.2544364767091,20.056363811585136,949.5548067230975,47.978271072392886,0.7394175465818675
51,1951.0,25559.738403029223,1142.3802211101283,50.554215172511405,4707.735454777931,222.61976449204576,21.521149257705883,991.9265716378102,43.1925671267353,0.8208022120224787
52,1952.0,26312.935056329654,808.3976939938766,55.20104069344571,4846.4634234782,161.7685823082329,23.040613607964872,1021.156752412619,30.13931907838969,0.9091383035809395
53,1953.0,27205.187058790896,952.398158544649,60.146156083402786,5010.803383471122,188.95201557247947,24.61205557955662,1055.783416265073,35.63148980218568,1.0048259497318546
54,1954.0,27518.764578556194,378.9741148783105,65.39659511301605,5068.559843429471,83.98871102163866,26.23225106329049,1067.9527847155189,13.277638588212312,1.1082701377661204
55,1955.0,28720.669498518786,1272.8631771995279,70.95825723693622,5289.93340820388,249.27100960571988,27.897444831309933,1114.5965104021566,47.86360420582923,1.219878519191556
56,1956.0,29352.842014664904,709.0082560336996,76.83573988757908,5406.370475002832,146.04041394678734,29.6033471478362,1139.1299663685975,25.873514866150572,1.3400588997096325
57,1957.0,29965.17756417751,695.367712954041,83.03216344143743,5519.153858432131,144.12852059698798,31.345137167689053,1162.893586040386,25.23283606110931,1.4692163893208259
58,1958.0,30212.59632606289,336.9677542311292,89.54899234575126,5564.724828648594,78.68844932714455,33.117479110681636,1172.4954544306645,11.209618585930912,1.607750195652413
59,1959.0,31490.910807347154,1374.700335235193,96.38585395092828,5800.171933427442,270.36164938001457,34.91454460116528,1222.1044950593819,51.36509067586667,1.756050047149515
60,1960.0,32150.089642004696,762.7191908245877,103.54035616704687,5921.583174889474,158.14128418384644,36.73004272181515,1247.6860167184836,27.49601388697147,1.9144922278695566
61,1961.0,32743.46809083273,704.3863560258033,111.00790719776631,6030.874933576558,147.8490212676743,38.557262580590404,1270.7139460794508,25.111364571963804,2.0834352109964636
62,1962.0,33820.40324447203,1195.716697001997,118.78154336269455,6229.230868419912,238.74506786624443,40.389133022889766,1312.5078243258363,44.05709313920261,2.2632148928172002
63,1963.0,34669.2257934385,975.6743171033158,126.85176813685399,6385.571748970976,198.55917105663048,42.2182905055681,1345.4490707364566,35.395385845447436,2.454139434827278
64,1964.0,35719.075632010754,1185.0562442917071,135.2064057194451,6578.9389591241825,237.4043690610888,44.037158907880894,1386.1918175787353,43.39923056265093,2.6564837203721337
65,1965.0,36876.48890008036,1301.2437436194741,143.83047554987067,6792.117802819855,259.01688802116314,45.83804432549061,1431.1089038517434,47.78756972085034,2.8704834478421275
66,1966.0,38084.20220695894,1360.419399895669,152.7060930170938,7014.56118875551,270.0566266491296,47.61324071347449,1477.978042382186,49.96546742453097,3.09632889408853
67,1967.0,38684.46590862729,762.0761036807453,161.81240201238913,7125.121111787642,159.91507028955857,49.355147257427504,1501.273175778541,26.629291787620332,3.3341583912654853
68,1968.0,39652.822924444816,1139.4825614890287,171.12554567150093,7303.47851843883,229.4138025964594,51.0563959452704,1538.8533356250696,41.16421142229956,3.5840515757709364
69,1969.0,40368.06074886971,895.8565051293554,180.61868070446195,7435.215017911152,184.44648385882283,52.70998438650156,1566.610403866558,31.60309072239579,3.8460224809073376
70,1970.0,40556.551976717405,378.7532674391259,190.2620395914317,7469.932385603305,89.0267780234035,54.30941033125059,1573.9254027321415,11.435011420109731,4.120012554526085
71,1971.0,41222.32189814471,865.7929682472168,200.02304681991086,7592.557610259618,178.47403478872639,55.84881013241309,1599.7627123809245,30.243193349897638,4.405883701114929
72,1972.0,42301.82863187244,1289.3732279625692,209.86649423483397,7791.387193094443,256.1526768585345,57.32309402370899,1641.6563889343424,46.597088021925174,4.703411468506835
73,1973.0,43496.761993067135,1414.6881400961574,219.7547789014668,8011.476697215758,278.8175797458298,58.7280756245148,1688.029561210825,51.38545078872744,5.012278512244987
74,1974.0,43659.560768670846,392.44698481320665,229.64820920949933,8041.461885476259,90.04578825886074,60.060599998359976,1694.3474831239957,11.649990408620624,5.332068495449951
75,1975.0,43816.13115963453,396.0757752858699,239.50538432218454,8070.299895047628,90.15667547848261,61.318665907115005,1700.423692851956,11.738470339238802,5.662260611278631
76,1976.0,44995.81986137022,1428.972349404954,249.2836476692628,8287.581552597918,279.7831882046921,62.501530654401904,1746.2052478530766,51.78377993141771,6.002224930296838
77,1977.0,46070.66530604643,1333.7850552405362,258.93961056432596,8485.552593166512,261.58082893624123,63.60978836764493,1787.9180283270675,48.063999250993675,6.351218777002898
78,1978.0,47387.423537146016,1585.1879747746134,268.429743675023,8728.080482621888,307.1733188724902,64.64542941711494,1839.0190003814484,57.80935640534585,6.708384350964865
79,1979.0,48285.13656770888,1175.4240664254976,277.7110358626368,8893.426285288479,230.95768617756949,65.61188351098046,1873.8575967191666,41.91134417390458,7.072747836186453
80,1980.0,48505.79649018176,507.4016366727592,286.7417141998817,8934.068662925294,107.15641375419727,66.51403611738155,1882.421003626745,16.006627159777736,7.443220252199336
81,1981.0,48883.20666759986,672.8921920477515,295.482014629653,9003.58217848673,136.8717291446501,67.3582135832132,1897.067600453541,22.465197119294544,7.818600292498593
82,1982.0,49585.81005692386,1006.498378120843,303.8949887968446,9132.991597097043,197.56154877011795,68.15213015980525,1924.334349439934,35.4643283680316,8.197579381638572
83,1983.0,50527.663503962605,1253.8007764691429,311.9473294303957,9306.467428340435,242.38062817454738,68.9047969311566,1960.8859543888984,45.130354106283676,8.578749157319445
84,1984.0,51618.75896928436,1410.7056625946934,319.61019727293433,9507.431488521655,270.59046089607,69.6264007148491,2003.2293683620985,51.304025535291885,8.960611562091614
85,1985.0,52769.73768168288,1477.8387439876678,326.8600315891583,9719.425179795546,282.3218477844457,70.32815651055373,2047.8967413302917,54.008964672407956,9.34159170421477
86,1986.0,53906.15995230805,1470.1015937857155,333.679323160541,9928.737784277731,280.33473874716765,71.02213426498416,2091.9992054893332,53.82251776264593,9.720053603604509
87,1987.0,55004.519738314346,1438.4171121870822,340.057326180781,10131.039827637896,274.02310508032133,71.72106172015552,2134.6245344257572,52.71964781453653,10.094318878112727
88,1988.0,56053.5083629647,1394.979308722599,345.9906840722447,10324.248414598238,265.6466935048047,72.4381065444614,2175.333859135167,51.17201306060406,10.462688351193538
89,1989.0,57041.417519977025,1339.3931009090738,351.4839438967572,10506.207043878087,255.14527162955892,73.18664234971176,2213.672801723433,49.162409063942505,10.823466475677066
90,1990.0,57956.08310665688,1271.2155215219973,356.5499348421394,10674.67526306642,242.44822369445865,73.98000450612527,2249.1692956735787,46.671482321587064,11.174988371440897
91,1991.0,58799.068772818166,1204.195654328425,361.2099881671344,10829.941073924121,230.09705324540482,74.83124238770439,2281.884023367196,44.23037686251246,11.515649168895703
92,1992.0,59628.73871369042,1195.1639197949626,365.49397892270747,10982.754320085705,228.5661211188617,75.75287495727744,2314.0819921829807,44.041904053043254,11.843935237258318
93,1993.0,60518.358870474105,1259.0603305642217,369.44017378053076,11146.609532034172,240.61186861603528,76.75665666756878,2348.6065189314136,46.682983507917015,12.158456759484151
94,1994.0,61541.93129049215,1396.667294472616,373.0948744545775,11335.136820391735,266.3806490830302,77.85336072546721,2388.3294873515906,52.1809494188351,12.457980998657984
95,1995.0,62773.62375140443,1608.2043134130872,376.51185250080306,11561.99682092023,305.91258726130764,79.05258673281044,2436.1292128730406,60.54119101047445,12.741465489024488
96,1996.0,64257.26426657531,1863.3920935959904,379.75157842512294,11835.262022045574,353.6278001616938,80.36259903635279,2493.706580315189,70.5854577265145,13.008090284366293
97,1997.0,65917.75347912706,2043.3694682158675,382.880255664107,12141.100204539636,387.62838347766956,81.79020098360525,2558.1471213675504,77.69782936516776,13.257288312806072
98,1998.0,67651.16892428871,2119.3841229838654,385.96867782222245,12460.37034809009,402.6107923676009,83.34064881714872,2625.417795763007,80.75944722195845,13.488772826502174
99,1999.0,69355.04628550369,2092.968296285064,389.09093507009,12774.200002271313,398.84726097058046,85.017606789354,2691.5421512924413,79.82691643264252,13.70256090320784
100,2000.0,70928.04946763098,1965.3261843948858,392.32300226758997,13063.924518782858,376.54765904051783,86.82314252897396,2752.5875199507523,74.9443606176751,13.898991959364169
101,2001.0,72295.78598565924,1763.477765098025,395.7412470697717,13315.841874007161,340.6751151975095,88.75775997320781,2805.666865828205,67.15808615421156,14.07874027675874
102,2002.0,73490.44986001376,1594.0847752247355,399.42090087020495,13535.881742536276,310.86033452733136,90.82046599821571,2852.029579814651,60.60553461875634,14.242820632311107
103,2003.0,74570.48278822794,1483.46746676552,403.4345385513469,13734.80824281215,291.93536623532964,93.00886595945497,2893.9436770110633,56.30668345314325,14.392586256730272
104,2004.0,75594.50700339588,1431.8748295911937,407.85061442324354,13923.41874532519,283.92978562035387,95.3192831073138,2933.6841787724284,54.270220295073614,14.529718533709165
105,2005.0,76621.76757629523,1439.992674274079,412.73210137473376,14112.625338290973,286.9534901218176,97.74689715603533,2973.550277641969,54.522306955536806,14.656208085996008
106,2006.0,77673.45407848839,1469.8217799593986,418.1352777662472,14306.33083541372,293.9913942818421,100.28589715909521,3014.36430203099,55.5883515622063,14.774327173185142
107,2007.0,78615.55128012884,1366.2059033973637,424.10870175690206,14479.85156274183,276.45037095197586,102.92964362386684,3050.9253666490076,51.447658257078274,14.88659363906021
108,2008.0,79272.05646744037,1087.197593071629,430.69240576008974,14600.770356894505,226.5896288625172,105.67083470984085,3076.403128957999,40.47348929059899,14.995726981608012
109,2009.0,79564.73045506183,730.5913223413227,437.91733471987595,14654.676687487214,162.40800141236286,108.50167081965596,3087.7612696623855,26.4627381654077,15.104597461021301
110,2010.0,79842.75179813715,723.8263841878361,445.80504111250553,14705.884212123907,162.62153576280798,111.41401112611328,3098.550768104441,26.005667933545283,15.216169491489442
111,2011.0,80489.23422131686,1100.8500612126227,454.3676380329254,14824.956957568484,233.47226191025766,114.39951646567948,3123.639565318921,40.422238076911526,15.333440862431653
112,2012.0,81509.30519450911,1483.6789741654356,463.6080009731776,15012.839329882507,305.33214893497643,117.44977662095494,3163.226649009336,55.046463278392366,15.459379587976875
113,2013.0,82803.60881264674,1767.8238183136855,473.5202001760582,15251.231403239242,358.9484979780045,120.55642462126836,3213.4561987157417,65.82641008281325,15.596860376408525
114,2014.0,84269.25996353799,1949.7412886862148,484.09013779497496,15521.183222721444,393.6630600666467,123.7112405844479,3270.3354319221453,72.62783603367006,15.748602827266158
115,2015.0,85804.39933194699,2030.435724821611,495.2963564126045,15803.933770427673,409.65679219341473,126.90624448718414,3329.9113754111327,75.49305697112459,15.91711348213744
116,2016.0,87326.38577868506,2029.0974259389186,507.1109792008469,16084.261739517962,410.46174556755795,130.13377647726722,3388.9768781321295,75.170136485689,16.104633764691936
117,2017.0,89373.94148005478,2567.056439862441,519.5007384927316,16461.39199096954,510.5168154939529,133.3865640423769,3468.4387597473356,95.77497726242882,16.31309564722275
118,2018.0,91375.82629314341,2534.3128619663767,532.4280488777255,16830.110322994486,505.3761081745488,136.65777614960027,3546.128237947373,94.23356478218784,16.544086582149955
119,2019.0,93332.89951516052,2502.9253054299916,545.8520834128881,17190.575005754872,500.40574998681404,139.9410672264304,3622.0786604810214,92.74924738548361,16.798824851836
120,2020.0,95245.75608724558,2472.586389160555,559.7298170754967,17542.895618834486,495.5512276141926,143.2306145345803,3696.3131159227996,91.31260148371302,17.078146041934257
121,2021.0,97115.17598059027,2443.436899715758,574.0170063710577,17887.21582168613,490.84134926582556,146.52114641417947,3768.8618735242144,89.9312584508425,17.382500849428073
122,2022.0,98943.40624511102,2416.899344868405,588.6690803476679,18223.94948852062,486.5416285000283,149.80796166553785,3839.812137171499,88.66222757122478,17.71196392393929
123,2023.0,100733.04727297465,2393.2829543749394,603.6419265113042,18553.57557409904,482.7130271317328,153.08694155331668,3909.2648233156083,87.51893909503224,18.066252950923566
124,2024.0,102486.6773290355,2372.5226190994144,618.8925630385716,18876.568957650386,479.34793903386526,156.35455548251576,3977.3199896870806,86.49992311913775,18.44475674766561
125,2025.0,104206.86623427174,2354.568601068473,634.3796958322235,19193.402963163397,476.44186663398796,159.60786112097546,4044.077366325105,85.60394742297694,18.84657078495294
126,2026.0,105895.70928985378,2338.9072205625125,650.0641649804859,19504.463514916803,473.90505129979283,162.8444995463899,4109.618268025384,84.8114399922506,19.270538291970716
127,2027.0,107553.39667469787,2323.5966746024787,665.9092897583806,19809.785641126186,471.38481207473524,166.06268586535174,4173.950075282878,84.0471022221509,19.7152949646573
128,2028.0,109179.63675907897,2308.1212086733285,681.8811242922242,20109.31562779908,468.7911823583345,169.26119568544217,4237.0614704827985,83.2907104844544,20.179315284533672
129,2029.0,110774.13411788538,2292.445996204973,697.9486373985577,20402.999061887476,466.12278189099015,172.439347802592,4298.940988718357,82.54047679750147,20.66095856194321
130,2030.0,112336.59184437034,2276.5415565382136,714.0838300532672,20690.781257447554,463.3791790432515,175.5969834831716,4359.577107583234,81.7946318959639,21.158513031087253
131,2031.0,113867.2938484043,2260.9638067525084,730.2618027185631,20972.714506585824,460.6676919116253,178.73444277335744,4418.980845098818,81.07397413781382,21.670236622230135
132,2032.0,115368.86563214332,2248.032566446578,746.4607827075342,21249.282388961514,458.42042070698153,181.85253833128985,4477.254092188694,80.46764048064506,22.194393390768433
133,2033.0,116844.56667226627,2238.3631594051694,762.6621192822221,21521.08525320429,456.7553915690187,184.95252732624033,4534.523343164988,79.9985359382008,22.729284961906878
134,2034.0,118297.71463311477,2231.9982124877424,778.8502516392568,21788.73416527273,455.6849940439897,188.03608197555118,4590.917350496303,79.66728405286631,23.273276721551355
135,2035.0,119731.68467509153,2228.9826946458197,795.0126526690523,22052.850781071247,455.2218750782049,191.10525927968914,4646.567097967927,79.47456629134194,23.82481881971743
136,2036.0,121149.30472040446,2228.759794938611,811.1397496256851,22313.955963115382,455.26765248557786,194.16247044144524,4701.582332054423,79.39769641524072,24.38246232874495
137,2037.0,122551.02604044153,2228.946141801658,827.2248217645842,22572.132829091235,455.38731630203256,197.21045032617755,4755.980565770746,79.34310481533794,24.944871099015735
138,2038.0,123936.70333377339,2228.941167979734,843.2638746478888,22827.354616569548,455.47401462945345,200.25222715113668,4809.756160234894,79.28642443657554,25.510829972426013
139,2039.0,125306.19408683783,2228.746244200025,859.2554911355738,23079.595076606023,455.5315524262005,203.29109238972714,4862.903584756887,79.22667457208536,26.079250050093965
140,2040.0,126659.35862417088,2228.3651972785883,875.2006599455368,23328.82848299315,455.563977050595,206.3305706634723,4915.41741878813,79.16300570627573,26.649171675031642
141,2041.0,127995.69655502014,2227.4405147459183,891.1025838966394,23574.962670965833,455.5085771874001,209.37438921471377,4967.27824308122,79.08058999139575,27.219765698305412
142,2042.0,129313.25348629133,2224.5234026014805,906.9664713302891,23817.637669482196,455.101444936452,212.4264464200903,5018.41021122447,78.92230161123825,27.790333467988734
143,2043.0,130609.7071599433,2219.252989162327,922.7993155103703,24056.425752078732,454.27886132268395,215.49077872614956,5068.723200642249,78.67329525260175,28.36030583482323
144,2044.0,131882.73012923816,2211.6326371102623,938.6096678154147,24290.89823660877,453.04400990204886,218.57152537201168,5118.12688739513,78.33292807968246,28.929241326801062
145,2045.0,133129.98869113188,2201.6659729845996,954.4074110908823,24520.625288604202,451.3999423161695,221.6728903207363,5166.530704747914,77.90064087644078,29.496823523657305
146,2046.0,134350.58825945324,2190.8031078359345,970.203539514578,24745.4421381848,449.61595054681675,224.79910096621595,5213.899935451937,77.4320882778593,30.062857573835558
147,2047.0,135549.44466555445,2184.8663568071497,986.0099507059088,24966.25421064018,448.76643586063074,227.954363405249,5260.425353906497,77.15268420242137,30.627265747861788
148,2048.0,136732.9959998643,2185.390588916751,1001.8392546069261,25184.247309443563,449.1359131553181,231.14281435193996,5306.356810593869,77.1215386021131,31.190081914741278
149,2049.0,137907.7621015741,2192.4707036933105,1017.7046019835115,25400.622295012083,450.7434556934859,234.3684701249634,5351.947328515886,77.34196278051604,31.7514448584989
150,2050.0,139080.34371853402,2206.2011503603717,1033.6195334004437,25616.594929971787,453.60780848291324,237.635173523211,5397.453070591036,77.81733248786713,32.31159041271715
151,2051.0,140256.48068290344,2225.734811765462,1049.5978473960367,25833.222408685757,457.57401845292407,240.9465397389553,5443.0967891787495,78.51456105909165,32.870842471377955
152,2052.0,141438.20634739124,2247.379149013548,1065.6534845257293,26050.87924541891,461.9627394633535,244.3059027301991,5488.957394968553,79.29020881214092,33.42960302233685
153,2053.0,142626.63363130644,2270.227706095582,1081.8004221804072,26269.770423868908,466.60744212862846,247.71626367863155,5535.078078317764,80.109024782304,33.988341433093595
154,2054.0,143822.89089449422,2294.309836997185,1098.0525738093957,26490.103771657698,471.51359105258234,251.18024326379,5581.502628802604,80.97213377081243,34.547583285971726
155,2055.0,145028.12196535902,2319.6547564052744,1114.4236855404736,26712.089965492825,476.686233313736,254.70003947861008,5628.275436305696,81.88070660542326,35.107899102332965
156,2056.0,146243.34005513397,2346.145313071349,1130.9272232964067,26935.91562428138,482.1030514138547,258.2773926252952,5675.435821696802,82.83027869806119,35.66989330695423
157,2057.0,147468.98135357324,2373.217542832863,1147.5762443936044,27161.661087889832,487.6590225604159,261.9135589519685,5723.000712700322,83.79908476509172,36.23419376157274
158,2058.0,148705.3290447525,2400.7309404036205,1164.3832492243466,27389.378514743763,493.3267209662954,265.6092941123634,5770.981099170884,84.78182861250752,36.80144214194481
159,2059.0,149952.65597740575,2428.6869435000117,1181.3600108467626,27619.118159647765,499.1044921678549,269.36484726385356,5819.387569867454,85.77875604664496,37.37228535007435
160,2060.0,151211.2219205843,2457.0833261333173,1198.5173829547498,27850.927868317376,504.9896748544015,273.1799661847908,5868.230205950507,86.7900041332905,37.94736805023824
161,2061.0,152480.2586259766,2484.9017949410772,1215.8650895487908,28084.666140485366,510.7921854882552,277.05391332026056,5917.479193112017,87.77631346554608,38.52732630403584
162,2062.0,153754.91778860855,2508.070665064646,1233.4115024326875,28319.43998824779,515.7593399425023,280.9854921800825,5966.946377527582,88.57996658295087,39.112782167385646
163,2063.0,155029.2780507337,2525.5236772957433,1251.1634151705812,28554.15878284451,519.6918776309903,284.9730830342682,6016.401962162651,89.1599236479542,39.70433901288499
164,2064.0,156297.35622642367,2537.2039998142864,1269.1258241243436,28787.720507655366,522.5764112003744,289.014686389523,6065.613750544327,89.5143656467344,40.30257726505948
165,2065.0,157553.11141894714,2543.056920987583,1287.3017284641182,29019.01251656199,524.3999812227667,293.1079723161371,6114.34730654929,89.64160619746599,40.90805019250223
166,2066.0,158791.39717951897,2543.9777220639226,1305.6919614920998,29247.086907867168,525.3247246920946,297.25033338691856,6162.402905938615,89.57687878488196,41.521279395556924
167,2067.0,160010.82459357558,2543.722479249467,1324.2950651928375,29471.687863524927,526.0398944495792,301.4389387918206,6209.72664748532,89.46649120990787,42.14274966320242
168,2068.0,161210.94509415704,2543.2277192163747,1343.1072186349397,29692.732763965825,526.7156875438704,305.67078710297267,6256.301123128345,89.34737858937297,42.77290294634868
169,2069.0,162391.30600659316,2542.4831412142667,1362.1222287781302,29910.138233039444,527.3482242770224,309.9427552034018,6302.108765393937,89.21977356678508,43.41213130119226
170,2070.0,163551.45043626783,2541.476019197493,1381.3315895228245,30123.82011734211,527.9335253561658,314.25164105349984,6347.131843039971,89.08384643264253,44.06076878660886
171,2071.0,164691.73789601694,2541.012071387464,1400.7246116383508,30333.84463395702,528.6187148266945,318.594198211788,6391.384308100273,88.9715475026178,44.71908244231467
172,2072.0,165815.81682875345,2544.3675554454676,1420.2886227089557,30540.88377348848,530.0062998855865,322.9671603541201,6435.007749953163,89.01070446977974,45.38726261689068
173,2073.0,166928.17742759883,2552.3698314970534,1440.0092326516517,30745.76456479821,532.2480457640013,327.3672544542824,6478.176424758804,89.23408784952426,46.065413043883225
174,2074.0,168033.32724034516,2565.0204696400906,1459.8706568938,30949.31723322813,535.3438702269377,331.79120179701,6521.0652621803065,89.64237858997967,46.753541168477526
175,2075.0,169135.78373163138,2582.3125774283835,1479.8560861421781,31152.373830660403,539.2923039994785,336.2357065672056,6563.8495767354125,90.2358638524911,47.45154929738505
176,2076.0,170238.5300789376,2602.6944362861686,1499.9480889799129,31355.483815394244,543.8074170783693,340.69743234452733,6606.645140071065,90.95479051000439,48.159227174352544
177,2077.0,171338.39407915054,2619.9930316288956,1520.1290314159419,31558.062913333008,547.752065357603,345.17296741884604,6649.328844802166,91.55995130141946,48.87624657031805
178,2078.0,172430.64583794825,2632.6332548761857,1540.3814960785176,31759.239946108355,550.835813188769,349.6587804134167,6691.71713240456,91.99044602386584,49.602158421470264
179,2079.0,173510.53908173155,2640.581926829269,1560.6886830459162,31958.140718525156,553.0519406322892,354.15116821548907,6733.625808704387,92.24506925416972,50.33639295434429
180,2080.0,174573.31796035342,2643.813652986253,1581.0347743643988,32153.889271526165,554.3947516586995,358.6461986576935,6774.870307879525,92.32276228627052,51.078263111131704
181,2081.0,175615.32564057698,2643.4129253526335,1601.4052451290988,32345.8120691303,555.0624484118052,363.1396508076684,6815.30871493857,92.26537849817396,51.826971439130084
182,2082.0,176637.3204222711,2643.78188727604,1621.7871055819187,32534.048779245033,555.8636661853707,367.62695607063824,6854.970458108737,92.24336361532369,52.58162044515649
183,2083.0,177641.1755732826,2646.024211964017,1642.169060952466,32718.944430810792,556.9987951205003,372.10314355473844,6893.928235479643,92.2990036194069,53.341226248500696
184,2084.0,178628.7763686365,2650.142374009185,1662.5415786552958,32900.846264317166,558.4646267980934,376.5627932917159,6932.255211117471,92.43171084157439,54.104735203746614
185,2085.0,179602.01866129943,2656.139148525079,1682.8968558621632,33080.10346855818,560.2572051688512,381.0000009278398,6970.024959598921,92.64079149713325,54.87104301568366
186,2086.0,180562.53217633368,2663.742199295055,1703.2286842608098,33257.01621540321,562.3211041950053,385.4083573499787,7007.300727564792,92.91478370531695,55.639015739444744
187,2087.0,181510.85263449125,2671.8526710061124,1723.5322128485393,33431.68317689411,564.44790788932,389.78094639841106,7044.103305354976,93.21008974545202,56.40751195526806
188,2088.0,182447.24625864177,2680.1972379027284,1743.8036137522115,33604.15338744677,566.5805739083735,394.11036335572146,7080.443024590797,93.51512456869841,57.17540533287874
189,2089.0,183371.98503862228,2688.7784401549434,1764.0396601744296,33774.47694366934,568.7123125136932,398.38875629113005,7116.330440699012,93.82902286626086,57.94160675804572
190,2090.0,184285.34683787785,2697.599028755474,1784.2372294999307,33942.705024003895,570.8359719268337,402.60789159227465,7151.776337050327,94.15098153609142,58.70508518477473
191,2091.0,185187.5095250667,2706.5554354182386,1804.3927482293432,34108.87038929392,572.9246094478585,406.7592441578275,7186.787616401166,94.47616575191932,59.46488640108049
192,2092.0,186078.22814894447,2715.220222498843,1824.5015986211251,34272.92792305034,574.8916455296276,410.8341117732162,7221.354772642963,94.78730519523288,60.220148953435974
193,2093.0,186957.14402310544,2723.473383769422,1844.5575096084312,34434.811560406524,576.7073895289359,414.82375217274,7255.463885814139,95.07922973399491,60.970116562819776
194,2094.0,187823.88917734122,2731.297110852378,1864.5519566165888,34594.45352655314,578.3615063856851,418.71954023907415,7289.100675665748,95.35093633230099,61.7141464806924
195,2095.0,188678.0860587349,2738.6704776445113,1884.4735962508398,34751.78428168407,579.8438968797709,422.51314174884203,7322.250490061504,95.60152776786435,62.45171337210712
196,2096.0,189519.3472230649,2745.5689267046982,1904.3077623746974,34906.73246415744,581.1448815658878,426.19669909252275,7354.898293001735,95.83021141078189,63.1824084705524
197,2097.0,190347.27501665865,2751.963843380421,1924.0360497866848,35059.22483189762,582.2553912679286,429.76302352774076,7387.0286522766855,96.03629319431275,63.9059339193611
198,2098.0,191161.46124884184,2757.8222426477005,1943.6360104645023,35209.1862020651,583.167157984004,433.20578781652665,7418.625726754898,96.21916686984969,64.62209239163742
199,2099.0,191961.48685511932,2763.1065914080536,1963.0809851305692,35356.53938901933,583.8728995522033,436.51971259797824,7449.673253311871,96.37829881550806,65.33077225853545
200,2100.0,192746.92155123138,2767.774785780697,1982.3400896686537,35501.205140600774,584.3664911821834,439.7007396007349,7480.154533404608,96.51320884131837,66.0319287485817
