Year,Year,US_pop_SSP1,US_pop_SSP2,US_pop_SSP3,US_pop_SSP4,US_pop_SSP5,US_gdp_SSP1,US_gdp_SSP2,US_gdp_SSP3,US_gdp_SSP4,US_gdp_SSP5,FA_SSP1,FA_SSP2,FA_SSP3,FA_SSP4,FA_SSP5
1900.0,1900.0,76212168.0,76212168.0,76212168.0,76212168.0,76212168.0,5439.24,5439.24,5439.24,5439.24,5439.24,13.110562594345083,13.11162446245994,13.109695245624263,13.110949541843171,13.113357276853492
1901.0,1901.0,78267408.12978488,78267408.12987815,78267408.13036127,78267408.13004553,78267408.12936735,5935.14,5935.14,5935.14,5935.14,5935.14,13.589065202364157,13.590165825997879,13.58816619759034,13.589466272472766,13.591961883767562
1902.0,1902.0,80188765.04805876,80188765.04821582,80188765.04902951,80188765.04849772,80188765.04735553,5877.72,5877.72,5877.72,5877.72,5877.72,13.523849656753557,13.524944998362802,13.52295496640901,13.52424880207798,13.526732436638612
1903.0,1903.0,81988644.34832285,81988644.34851754,81988644.3495262,81988644.34886698,81988644.34745114,6050.85,6050.85,6050.85,6050.85,6050.85,13.680635626474258,13.681743666701015,13.679730563720147,13.681039399207435,13.68355182727581
1904.0,1904.0,83679451.62407838,83679451.62428777,83679451.6253727,83679451.62466364,83679451.62314071,5862.93,5862.93,5862.93,5862.93,5862.93,13.492288457976292,13.49338124333875,13.49139585560833,13.492686671797218,13.495164510192973
1905.0,1905.0,85273592.46882653,85273592.46903104,85273592.47009052,85273592.46939808,85273592.46791084,6171.780000000001,6171.780000000001,6171.780000000001,6171.780000000001,6171.780000000001,13.778563791169237,13.779679762924077,13.77765224983199,13.778970454171802,13.781500866599774
1906.0,1906.0,86783472.47606859,86783472.47625181,86783472.47720113,86783472.47658071,86783472.47524813,6752.9400000000005,6752.9400000000005,6752.9400000000005,6752.9400000000005,6752.9400000000005,14.301773907012398,14.302932255296582,14.300827751934166,14.302196012132487,14.304822511307043
1907.0,1907.0,88221497.23930569,88221497.23945458,88221497.2402259,88221497.23972179,88221497.23863909,6733.799999999999,6733.799999999999,6733.799999999999,6733.799999999999,6733.799999999999,14.277693722069378,14.278850120019396,14.276749160052642,14.278115116483079,14.280737193366722
1908.0,1908.0,89600072.35203919,89600072.35214391,89600072.35268638,89600072.35233185,89600072.35157038,6063.9,6063.9,6063.9,6063.9,6063.9,13.656600550720642,13.657706644267085,13.655697078045694,13.657003614079663,13.65951162813909
1909.0,1909.0,90931603.4077702,90931603.4078242,90931603.40810391,90931603.4079211,90931603.40752846,6671.159999999999,6671.159999999999,6671.159999999999,6671.159999999999,6671.159999999999,14.208856525845958,14.210007348442737,14.207916517858976,14.209275888587603,14.211885323620757
1910.0,1910.0,92228496.0,92228496.0,92228496.0,92228496.0,92228496.0,6599.82,6599.82,6599.82,6599.82,6599.82,14.138831832653507,14.139976983717496,14.137896457255565,14.139249128674495,14.141845703776708
1911.0,1911.0,93503155.72222981,93503155.72217582,93503155.72189611,93503155.72207892,93503155.72247154,6708.569999999998,6708.569999999998,6708.569999999998,6708.569999999998,6708.569999999998,14.230357081527771,14.231509645526637,14.229415651142714,14.230777078842072,14.233390462416157
1912.0,1912.0,94767988.16796082,94767988.16785614,94767988.16731368,94767988.1676682,94767988.16842966,6914.760000000002,6914.760000000002,6914.760000000002,6914.760000000002,6914.760000000002,14.40663460787738,14.407801449180237,14.405681515592452,14.40705980787889,14.409705564552649
1913.0,1913.0,96035398.9306943,96035398.93054545,96035398.92977414,96035398.93027821,96035398.93136092,7047.870000000001,7047.870000000001,7047.870000000001,7047.870000000001,7047.870000000001,14.51668241812162,14.517858172563217,14.515722045461745,14.517110866094509,14.5197768328809
1914.0,1914.0,97317793.60393143,97317793.60374822,97317793.60279891,97317793.60341932,97317793.60475187,6380.579999999999,6380.579999999999,6380.579999999999,6380.579999999999,6380.579999999999,13.917188304356245,13.918315503773723,13.916267592119633,13.917599058752545,13.920154929349973
1915.0,1915.0,98627577.78117347,98627577.78096902,98627577.77990949,98627577.78060193,98627577.78208916,6467.58,6467.58,6467.58,6467.58,6467.58,13.990963175178173,13.992096349868152,13.990037582256042,13.99137610697949,13.99394552621986
1916.0,1916.0,99977157.05592163,99977157.05571227,99977157.05462733,99977157.05533637,99977157.0568593,7257.540000000001,7257.540000000001,7257.540000000001,7257.540000000001,7257.540000000001,14.678799726097258,14.67998861095963,14.677828628327864,14.67923295883017,14.681928698213412
1917.0,1917.0,101378937.02167715,101378937.0214825,101378937.02047385,101378937.02113304,101378937.02254888,6977.4,6977.4,6977.4,6977.4,6977.4,14.432078862956736,14.433247765074876,14.431124087371547,14.432504813925544,14.435155243395728
1918.0,1918.0,102845323.27194124,102845323.27178422,102845323.27097052,102845323.27150232,102845323.27264449,7523.76,7523.76,7523.76,7523.76,7523.76,14.889946600661217,14.891152587011714,14.888961534155568,14.890386065220218,14.893120581409677
1919.0,1919.0,104388721.4002151,104388721.40012187,104388721.39963874,104388721.3999545,104388721.40063266,7552.470000000001,7552.470000000001,7552.470000000001,7552.470000000001,7552.470000000001,14.90712114903642,14.908328526410488,14.906134946321295,14.907561120487337,14.910298790758707
1920.0,1920.0,106021537.0,106021537.0,106021537.00000001,106021537.00000001,106021537.00000001,7381.950000000001,7381.950000000001,7381.950000000001,7381.950000000001,7381.950000000001,14.757950298605577,14.759145594135417,14.756973964506921,14.758385867400117,14.76109614267311
1921.0,1921.0,107749381.40429594,107749381.40441862,107749381.40505432,107749381.40463887,107749381.40374655,7076.58,7076.58,7076.58,7076.58,7076.58,14.491368415841025,14.492542120016127,14.490409717859295,14.491796116688635,14.494457434605268
1922.0,1922.0,109550688.90409796,109550688.90435968,109550688.90571585,109550688.90482955,109550688.90292591,7365.42,7365.42,7365.42,7365.42,7365.42,14.729584908202838,14.730777906324215,14.728610450652146,14.730019639813202,14.73272470583279
1923.0,1923.0,111397099.52990001,111397099.5303008,111397099.53237744,111397099.53102027,111397099.52810532,8195.4,8195.4,8195.4,8195.4,8195.4,15.397465985633788,15.398713077666665,15.396447343415721,15.397920429204477,15.400748150579172
1924.0,1924.0,113260253.31219591,113260253.3127194,113260253.31543171,113260253.31365912,113260253.30985183,8286.75,8286.75,8286.75,8286.75,8286.75,15.461622237252493,15.462874525513305,15.46059935067943,15.462078574340964,15.464918077917835
1925.0,1925.0,115111790.2814796,115111790.28209306,115111790.28527154,115111790.28319427,115111790.2787326,8352.87,8352.87,8352.87,8352.87,8352.87,15.505772713482012,15.507028577636557,15.50474690606662,15.506230353634628,15.509077965382186
1926.0,1926.0,116923350.46824493,116923350.46889928,116923350.47228967,116923350.47007392,116923350.46531479,8778.300000000001,8778.300000000001,8778.300000000001,8778.300000000001,8778.300000000001,15.825277818708235,15.826559560644833,15.824230873957449,15.825744888791387,15.82865117717004
1927.0,1927.0,118666573.90298572,118666573.90361553,118666573.9068788,118666573.90474615,118666573.90016548,8743.500000000002,8743.500000000002,8743.500000000002,8743.500000000002,8743.500000000002,15.791885429319702,15.793164466695652,15.790840693692868,15.79235151385428,15.79525166977004
1928.0,1928.0,120313100.6161959,120313100.6167194,120313100.61943173,120313100.61765914,120313100.61385183,8734.800000000001,8734.800000000001,8734.800000000001,8734.800000000001,8734.800000000001,15.778759710435766,15.780037684716497,15.777715843163143,15.779225407576789,15.782123152970803
1929.0,1929.0,121834570.63836938,121834570.63868837,121834570.6403412,121834570.639261,121834570.63694094,9172.410000000002,9172.410000000002,9172.410000000002,9172.410000000002,9172.410000000002,16.10000242012232,16.101306412920447,16.09893730056652,16.10047759848057,16.103434339607034
1930.0,1930.0,123202623.99999999,123202624.0,123202623.99999999,123202624.0,123202624.0,8256.3,8256.3,8256.3,8256.3,8256.3,15.398814990935833,15.400062192230802,15.397796259482591,15.399269474325951,15.402097443431344
1931.0,1931.0,124398859.25258651,124398859.25214975,124398859.24988666,124398859.25136568,124398859.25454238,7711.680000000001,7711.680000000001,7711.680000000001,7711.680000000001,7711.680000000001,14.959397165317885,14.960608776701736,14.95840750421261,14.95983867965582,14.962585950330036
1932.0,1932.0,125444709.03164734,125444709.03070511,125444709.02582292,125444709.02901362,125444709.03586674,6546.750000000002,6546.750000000002,6546.750000000002,6546.750000000002,6546.750000000002,13.961537656619804,13.962668448041338,13.960614010400578,13.961949719957445,13.96451373522924
1933.0,1933.0,126371564.49370575,126371564.49225149,126371564.4847163,126371564.48964083,126371564.50021794,6324.9,6324.9,6324.9,6324.9,6324.9,13.757802238302059,13.75891652851535,13.756892070511629,13.758208288560471,13.76073488811887
1934.0,1934.0,127210816.79528491,127210816.79337427,127210816.78347428,127210816.78994429,127210816.80384092,6852.12,6852.12,6852.12,6852.12,6852.12,14.225474667272858,14.226626835834903,14.224533559929258,14.225894520503939,14.228507007385188
1935.0,1935.0,127993857.09290816,127993857.09065889,127993857.07900436,127993857.08662105,127993857.10298051,7699.500000000001,7699.500000000001,7699.500000000001,7699.500000000001,7699.500000000001,14.936697668103019,14.937907440985311,14.935709508755595,14.937138512501521,14.939881614401555
1936.0,1936.0,128752076.54309878,128752076.54069085,128752076.52821413,128752076.53636815,128752076.55388169,8454.660000000002,8454.660000000002,8454.660000000002,8454.660000000002,8454.660000000002,15.532585726041454,15.533843761882355,15.531558144840623,15.533044157589426,15.535896693424798
1937.0,1937.0,129516866.30238003,129516866.3000555,129516866.28801109,129516866.29588257,129516866.31278932,9091.500000000002,9091.500000000002,9091.500000000002,9091.500000000002,9091.500000000002,16.01080406635813,16.0121008346945,16.00974484791287,16.011276612127787,16.01421697203945
1938.0,1938.0,130319617.52727509,130319617.52533825,130319617.51530266,130319617.5218613,130319617.53594829,8523.39,8523.39,8523.39,8523.39,8523.39,15.579836731048998,15.58109859390434,15.578806023876892,15.580296557166669,15.583157770590578
1939.0,1939.0,131191721.37430733,131191721.37312463,131191721.36699647,131191721.37100145,131191721.37960355,9099.33,9099.33,9099.33,9099.33,9099.33,16.010421524560794,16.011718261909536,16.009362331396634,16.01089405902805,16.013834348717705
1940.0,1940.0,132164568.99999999,132164569.0,132164568.99999999,132164568.99999999,132164568.99999999,9837.090000000002,9837.090000000002,9837.090000000002,9837.090000000002,9837.090000000002,16.539658720832357,16.540998322859338,16.538564515169472,16.540146875289132,16.543184358621698
1941.0,1941.0,133266537.35135794,133266537.35298234,133266537.36139902,133266537.3558984,133266537.34408388,11174.28,11174.28,11174.28,11174.28,11174.28,17.444823588149514,17.44623650248638,17.443669499922397,17.445338457786853,17.448542173325993
1942.0,1942.0,134513946.53731263,134513946.54081985,134513946.55899248,134513946.54711598,134513946.5216071,12332.25,12332.25,12332.25,12332.25,12332.25,18.17735795681335,18.178830201539792,18.176155406639737,18.17789444657964,18.181232691005746
1943.0,1943.0,135920102.45727718,135920102.4626934,135920102.49075752,135920102.47241655,135920102.43302298,13391.039999999999,13391.039999999999,13391.039999999999,13391.039999999999,13391.039999999999,18.811330030721056,18.812853622948243,18.810085539133144,18.81188523162983,18.815339904129537
1944.0,1944.0,137498311.0106645,137498311.01778367,137498311.05467132,137498311.03056383,137498310.97878465,14268.870000000003,14268.870000000003,14268.870000000003,14268.870000000003,14268.870000000003,19.31304301615884,19.314607243783612,19.311765332957552,19.313613024693748,19.31715983607977
1945.0,1945.0,139261878.09688774,139261878.1052714,139261878.148711,139261878.12032157,139261878.0593454,13913.039999999999,13913.039999999999,13913.039999999999,13913.039999999999,13913.039999999999,19.101975834924804,19.10352296751134,19.100712115158245,19.102539613972453,19.1060476632223
1946.0,1946.0,141224109.61536002,141224109.6243375,141224109.67085388,141224109.64045364,141224109.57515857,12589.770000000002,12589.770000000002,12589.770000000002,12589.770000000002,12589.770000000002,18.30906698648028,18.310549898738845,18.307855722772455,18.309607363472658,18.31296979621362
1947.0,1947.0,143398311.4654943,143398311.4741626,143398311.51907703,143398311.48972377,143398311.42667732,12229.59,12229.59,12229.59,12229.59,12229.59,18.078928217443682,18.080392489999255,18.077732178920755,18.079461802085074,18.08278197017334
1948.0,1948.0,145797789.54670364,145797789.5539275,145797789.59135762,145797789.5668956,145797789.51435494,12666.33,12666.33,12666.33,12666.33,12666.33,18.33820451452981,18.33968978674144,18.336991323232922,18.33874575151383,18.34211353526208
1949.0,1949.0,148435849.75840122,148435849.76281306,148435849.7856729,148435849.77073312,148435849.73864478,12277.440000000002,12277.440000000002,12277.440000000002,12277.440000000002,12277.440000000002,18.08985663706043,18.091321794761747,18.088659875654635,18.09039054429171,18.09371271924657
1950.0,1950.0,151325797.99999997,151325798.0,151325798.0,151325798.0,151325798.0,13259.67,13259.67,13259.67,13259.67,13259.67,18.67335509981707,18.674867517017717,18.672119736304428,18.673906228571823,18.677335562020367
1951.0,1951.0,154470259.75098163,154470259.74492085,154470259.71351722,154470259.73404068,154470259.77812204,14029.620000000003,14029.620000000003,14029.620000000003,14029.620000000003,14029.620000000003,19.109527095535118,19.11107483978039,19.108262876555976,19.110091097611335,19.113600533224208
1952.0,1952.0,157829138.81110206,157829138.79801536,157829138.7302072,157829138.77452242,157829138.86970478,14305.410000000003,14305.410000000003,14305.410000000003,14305.410000000003,14305.410000000003,19.25398011442573,19.255539558427344,19.2527063390998,19.25454837998528,19.25808434399203
1953.0,1953.0,161351658.56018573,161351658.539975,161351658.43525377,161351658.50369304,161351658.65069032,14717.790000000003,14717.790000000003,14717.790000000003,14717.790000000003,14717.790000000003,19.47227500295151,19.473852127408218,19.47098678615959,19.472849711376252,19.476425764725555
1954.0,1954.0,164987042.37805718,164987042.35149118,164987042.2138406,164987042.30380046,164987042.4970207,14366.31,14366.31,14366.31,14366.31,14366.31,19.262715374193323,19.264275525737872,19.26144102125243,19.263283897693125,19.26682146558866
1955.0,1955.0,168684513.64454085,168684513.6132555,168684513.45115158,168684513.55709264,168684513.784638,15111.9,15111.9,15111.9,15111.9,15111.9,19.663361250360598,19.664953851564928,19.66206039219843,19.663941598640438,19.667552744426764
1956.0,1956.0,172393295.7394613,172393295.70595938,172393295.53237048,172393295.6458174,172393295.88948423,15136.260000000002,15136.260000000002,15136.260000000002,15136.260000000002,15136.260000000002,19.663833880547745,19.6654265200372,19.662532991150375,19.664414242791505,19.668025475337583
1957.0,1957.0,176062612.0426429,176062612.01029423,176062611.84268093,176062611.9522226,176062612.1875015,15144.09,15144.09,15144.09,15144.09,15144.09,19.655682429942903,19.65727440921293,19.65438207977791,19.656262551585677,19.659872287175986
1958.0,1958.0,179641685.93391028,179641685.90695167,179641685.76726687,179641685.85855618,179641686.05463183,14742.149999999998,14742.149999999998,14742.149999999998,14742.149999999998,14742.149999999998,19.42313540367908,19.42470854817031,19.421850437878472,19.42370866182876,19.42727569066109
1959.0,1959.0,183079740.79308784,183079740.77662313,183079740.691312,183079740.74706605,183079740.86681736,15573.870000000003,15573.870000000003,15573.870000000003,15573.870000000003,15573.870000000003,19.864761028786102,19.866369941973208,19.86344684637779,19.865347321059144,19.868995454016463
1960.0,1960.0,186326000.00000003,186326000.0,186326000.00000003,186326000.00000003,186326000.0,15710.46,15710.46,15710.46,15710.46,15710.46,19.927239445748853,19.928853419217365,19.925921129656896,19.9278275818713,19.931487189285345
1961.0,1961.0,189342085.49811596,189342085.51980057,189342085.6321587,189342085.55872843,189342085.40101123,15812.250000000002,15812.250000000002,15812.250000000002,15812.250000000002,15812.250000000002,19.97174131526501,19.97335889301948,19.970420054661712,19.972330764631817,19.97599854524611
1962.0,1962.0,192139213.48548248,192139213.5268495,192139213.74119112,192139213.60111076,192139213.30023926,16509.990000000005,16509.990000000005,16509.990000000005,16509.990000000005,16509.990000000005,20.328305772434206,20.329952229468518,20.32696092239277,20.328905745333206,20.332639008927234
1963.0,1963.0,194740998.7237911,194740998.77399817,194740999.0341442,194740998.86412895,194740998.49896175,16978.050000000003,16978.050000000003,16978.050000000003,16978.050000000003,16978.050000000003,20.560097141337053,20.561762371898336,20.558736956622344,20.560703955290634,20.564479787220986
1964.0,1964.0,197171055.97473308,197171056.01409784,197171056.2180648,197171056.08476472,197171055.7984561,17713.200000000004,17713.200000000004,17713.200000000004,17713.200000000004,17713.200000000004,20.92162727573104,20.923321787855297,20.920243173662257,20.922244760044144,20.92608698619217
1965.0,1965.0,199453000.0,199453000.0,199453000.0,199453000.0,199453000.0,18609.300000000003,18609.300000000003,18609.300000000003,18609.300000000003,18609.300000000003,21.352434731438677,21.354164136218426,21.351022129438004,21.353064931030644,21.35698627340543
1966.0,1966.0,201610417.25408003,201610417.1848253,201610416.82598445,201610417.0605005,201610417.56420562,19600.230000000003,19600.230000000003,19600.230000000003,19600.230000000003,19600.230000000003,21.815757928182514,21.817524859275395,21.814314675737926,21.816401803006908,21.82040823235132
1967.0,1967.0,203666780.96264827,203666780.82277122,203666780.09800357,203666780.5716666,203666781.5890234,19872.54,19872.540000000005,19872.540000000005,19872.540000000005,19872.54,21.9358677003804,21.937644359790784,21.93441650329962,21.936515120781106,21.940543606451374
1968.0,1968.0,205645536.04417646,205645535.86830446,205645534.95703042,205645535.5525824,205645536.83173835,20612.040000000005,20612.040000000005,20612.040000000005,20612.040000000005,20612.040000000008,22.26861650214785,22.27042011211093,22.26714329231424,22.26927374369011,22.273363337306684
1969.0,1969.0,207570127.41713637,207570127.27589178,207570126.54403818,207570127.02233213,207570128.0496355,21050.520000000004,21050.520000000004,21050.520000000004,21050.520000000004,21050.520000000004,22.460087661909586,22.461906779646537,22.45860178431987,22.460750554250627,22.464875312077172
1970.0,1970.0,209464000.0,209463999.99999997,209464000.0,209464000.0,209463999.99999997,20843.460000000003,20843.460000000003,20843.460000000003,20843.460000000003,20843.460000000003,22.36093938526086,22.362750472190243,22.359460064138478,22.36159935004023,22.365705902770834
1971.0,1971.0,211349117.48556396,211349117.7408983,211349119.06390354,211349118.19926962,211349116.34216636,21223.650000000005,21223.650000000005,21223.650000000005,21223.650000000005,21223.650000000005,22.525291658754057,22.527116056304802,22.523801459616987,22.525956471973895,22.530093213689856
1972.0,1972.0,213241518.6639247,213241519.18206587,213241521.86679482,213241520.11222303,213241516.3436674,22111.050000000003,22111.05,22111.05,22111.050000000003,22111.05,22.91003673628445,22.911892294766293,22.90852107848958,22.910712902553453,22.914920308331087
1973.0,1973.0,215155761.09950343,215155761.75278425,215155765.1377343,215155762.92554158,215155758.1740851,23144.610000000004,23144.61,23144.610000000004,23144.61,23144.61,23.347606191720104,23.34949718995226,23.346061583045824,23.34829527121599,23.352583039285058
1974.0,1974.0,217106402.3567214,217106402.88233507,217106405.60578248,217106403.8259067,217106400.00300187,22869.690000000006,22869.690000000002,22869.690000000002,22869.690000000002,22869.690000000002,23.22443419639206,23.226315218954195,23.22289773906314,23.225119641797292,23.229384786315343
1975.0,1975.0,219108000.00000003,219108000.0,219108000.0,219108000.0,219108000.0,22581.720000000005,22581.720000000005,22581.720000000005,22581.720000000005,22581.720000000005,23.094799974893405,23.096670499635255,23.093272104134876,23.095481598965968,23.09972292408499
1976.0,1976.0,221170592.80366415,221170591.85158157,221170586.91840136,221170590.14242092,221170597.0671289,23541.33,23541.33,23541.33,23541.33,23541.33,23.495419369378357,23.497322344653288,23.493865013804253,23.496112825885184,23.500427702078728
1977.0,1977.0,223286144.38165322,223286142.44896564,223286132.43481734,223286138.97944146,223286153.0363074,24360.870000000003,24360.870000000003,24360.870000000003,24360.870000000003,24360.870000000003,23.828742540095348,23.830672515477247,23.82716615252334,23.829445843176515,23.833821910728435
1978.0,1978.0,225442099.5578102,225442097.12055886,225442084.4920326,225442092.74525154,225442110.47192138,25479.690000000002,25479.690000000002,25479.690000000002,25479.69,25479.69,24.275405474626574,24.27737162841243,24.273799547824385,24.276121965309557,24.28058004957278
1979.0,1979.0,227625903.15597808,227625901.19476804,227625891.03283185,227625897.674041,227625911.93835685,26057.37,26057.37,26057.37,26057.37,26057.37,24.497975593135212,24.499959772074828,24.49635493235134,24.498698648485014,24.50319761862414
1980.0,1980.0,229825000.0,229825000.0,229825000.00000003,229825000.0,229825000.0,25763.31,25763.31,25763.31,25763.31,25763.309999999998,24.374447677328394,24.37642184499813,24.37283514957747,24.375167069152976,24.379643399638994
1981.0,1981.0,232030911.29977956,232030914.85277557,232030933.26249105,232030921.23104662,232030895.38931796,25670.528339211047,25670.528158553498,25670.52795745456,25670.52807909327,25670.528372927358,24.330568030490934,24.332538561102762,24.328958184619673,24.33128599245141,24.335754462784855
1982.0,1982.0,234251463.80946282,234251471.02207205,234251508.3939362,234251483.9700113,234251431.5111033,25979.932244033404,25979.931794482865,25979.931294065722,25979.93159675303,25979.9323279335,24.44632049373701,24.448300282362545,24.444702696149204,24.44704168789133,24.451531670954523
1983.0,1983.0,236498560.6692562,236498569.76498067,236498616.8941357,236498586.09345266,236498519.9382296,26577.79597925023,26577.795351135468,26577.794651949593,26577.795074866142,26577.79609647596,24.673974644998868,24.675972798952927,24.67234160813023,24.674702444895424,24.67923438850659
1984.0,1984.0,238784105.01936638,238784112.33859283,238784150.2628902,238784125.47792935,238784072.24357057,27350.393809644702,27350.39327185872,27350.39267322231,27350.393035319506,27350.39391001228,24.965516042481976,24.967537853595744,24.96386383417626,24.96625251816522,24.970837899815244
1985.0,1985.0,241120000.0,241120000.0,241120000.00000003,241120000.0,241120000.0,28184.0,28184.0,28184.0,28184.0,28184.0,25.274938773104004,25.27698587454568,25.273266672028562,25.275684742184445,25.280326446499554
1986.0,1986.0,243513089.9972177,243513076.73731622,243513008.03163457,243513052.93339273,243513149.3755992,28982.042770150503,28982.043808753635,28982.044964874585,28982.044265571723,28982.04257631489,25.56551303348236,25.567584096089156,25.563822780242585,25.566268249415653,25.570962387576323
1987.0,1987.0,245949984.38049605,245949957.46274656,245949817.98943844,245949909.14051366,245950104.91927972,29716.566160135393,29716.568290701576,29716.570662341066,29716.569227807522,29716.56576250554,25.827955095160846,25.83004784984925,25.82624857600979,25.828718742963368,25.83346012598436
1988.0,1988.0,248412233.76516548,248412199.81951874,248412023.93142498,248412138.8809381,248412385.77516055,30376.768165045014,30376.7708682727,30376.773877370262,30376.772057257454,30376.76766053874,26.05963167844074,26.061743415691982,26.05791038324555,26.060402508155004,26.0651859587536
1989.0,1989.0,250881388.7665566,250881361.45086062,250881219.91560766,250881312.41424167,250881511.08736095,30951.846779969757,30951.848963895874,30951.85139493297,30951.849924471593,30951.846372381286,26.25791930375715,26.26004688404852,26.256184346513017,26.25869564488335,26.263515982494102
1990.0,1990.0,253339000.0,253339000.0,253339000.0,253339000.0,253339000.0,31431.0,31431.0,31431.000000000004,31431.0,31431.0,26.42015653799026,26.422296394431605,26.418408673334397,26.42093630723341,26.425788329060612
1991.0,1991.0,255778744.71134973,255778794.1979596,255779050.6109708,255778883.03538245,255778523.10828534,31818.29130018693,31818.287326431986,31818.282903047137,31818.285578619867,31818.292041813085,26.548766603135313,26.550915329340956,26.547006335100026,26.549547732323106,26.554426759214696
1992.0,1992.0,258242806.66855347,258242907.12694204,258243427.6483105,258243087.46793458,258242356.8117783,32177.24607542507,32177.238002710885,32177.229016570047,32177.234452016935,32177.247582044387,26.66647948100932,26.66863616664277,26.664707459652014,26.66726160450105,26.672165697337455
1993.0,1993.0,260785496.27008232,260785622.95694456,260786279.3801647,260785850.38279524,260784928.96112853,32586.25520056974,32586.24501577379,32586.2336785694,32586.24053610407,32586.257101369134,26.800442976145018,26.802609724245354,26.798660105077865,26.80122781179517,26.80615823622909
1994.0,1994.0,263461123.9144074,263461225.85796472,263461754.07467926,263461408.865104,263460667.40698582,33123.70955047626,33123.70135255779,33123.69222704582,33123.697746794125,33123.711080462585,26.97695173103583,26.979133566581652,26.975159169877802,26.977743020590605,26.98270413612984
1995.0,1995.0,266324000.0,266324000.0,266324000.0,266324000.0,266324000.0,33867.99999999999,33868.0,33868.0,33868.0,33868.0,27.221077179547354,27.223281905218048,27.219276328798113,27.221880587306106,27.226879696998935
1996.0,1996.0,269405619.1573835,269405434.4708453,269404477.52448225,269405102.9250774,269406446.1912595,34866.288029101765,34866.30288551844,34866.31942293689,34866.30941994881,34866.28525643278,27.545724831397198,27.54796134791429,27.5439164210059,27.546546502439877,27.55159309402453
1997.0,1997.0,272646212.94529045,272645838.0294856,272643895.41731995,272645164.98774856,272647891.83360744,36040.81753816435,36040.84769845492,36040.88127137876,36040.86096412476,36040.811909316966,27.921694221595725,27.92396665899508,27.919874876588633,27.922535657766375,27.92763909338669
1998.0,1998.0,275963197.1545056,275962724.3527032,275960274.5479164,275961875.5878812,275965314.3803257,37282.60303267606,37282.641068632176,37282.68340835218,37282.65779832631,37282.595933984776,28.311513364991235,28.313819996091464,28.30967500246779,28.312370491012302,28.317539540553437
1999.0,1999.0,279273987.57581383,279273607.1172805,279271635.7856753,279272924.12534255,279275691.28469586,38482.659018125174,38482.68962587295,38482.72369688373,38482.70308835189,38482.65330576837,28.68048033392386,28.682814015343713,28.67861042370235,28.68134388647436,28.686586903135318
2000.0,2000.0,282496000.0,282496000.0,282496000.0,282496000.0,282495999.99999994,39532.0,39532.0,39532.0,39532.0,39532.0,28.99640292326676,28.998751438480213,28.994484623208855,28.997258728308225,29.002583873891364
2001.0,2001.0,285566138.65911645,285566827.91865915,285570399.2911002,285568065.2643084,285563052.12667674,40351.06858340603,40351.01313149427,40350.951405205305,40350.988741584886,40351.078932455806,29.237748109580078,29.240097178079136,29.23576509921387,29.238580821277917,29.243993138670767
2002.0,2002.0,288499261.5502852,288500660.75511587,288507910.6824101,288503172.58107144,288492995.85379213,40978.01977191756,40977.90720346948,40977.78189791494,40977.85769148404,40978.04078068776,29.41867238326488,29.421016873964348,29.416627970630483,29.41947981401166,29.424968853923914
2003.0,2003.0,291329715.1118956,291331479.63224286,291340622.4281698,291334647.26568025,291321813.51756907,41480.43666872606,41480.29470969754,41480.13668802191,41480.23227059074,41480.46316269182,29.560968271398185,29.56331464732578,29.55888963977224,29.56176454422542,29.56730155644195
2004.0,2004.0,294091845.78233737,294093265.6729133,294100622.78261966,294095814.6335261,294085487.4542307,41925.90237702304,41925.78814395041,41925.66098541925,41925.7378997983,41925.92369646392,29.685483781580967,29.687849834373043,29.683421537925792,29.686298991960246,29.691837218351537
2005.0,2005.0,296820000.0,296820000.0,296820000.0,296820000.0,296820000.0,42382.0,42382.0,42382.0,42382.0,42382.00000000001,29.81243280857976,29.81484741677052,29.810460522854036,29.813312698073762,29.818787706312314
2006.0,2006.0,299542780.93215406,299540452.4797652,299528387.6911389,299536272.48623013,299553207.8372412,42867.167626443756,42867.354955446084,42867.563480702636,42867.43735003348,42867.132665031146,29.947091555076327,29.949579023136288,29.945269669281732,29.948074082974706,29.953433617403995
2007.0,2007.0,302265818.6615952,302262547.95202875,302245600.8932164,302256676.4362925,302280465.0328841,43203.26328752257,43203.526423199764,43203.8193326474,43203.64216051371,43203.21417822891,30.03732718577567,30.039846604154814,30.035562651791533,30.03835160586741,30.04367200705045
2008.0,2008.0,304989000.0,304989000.0,304989000.0,304989000.00000006,304989000.0,43163.0,43163.0,43163.0,43163.0,43162.99999999999,30.017489034528744,30.019920250905955,30.015503183004146,30.01837497608901,30.02388764259361
2009.0,2009.0,307705794.16524404,307712293.68740016,307745970.7174128,307723961.5062152,307676689.03904295,42659.05969986398,42658.53679912372,42657.954732227176,42658.306807023146,42659.15728938997,29.861847365216313,29.86409330328356,29.85943001022384,29.862454459228662,29.86832625320147
2010.0,2010.0,310384000.0,310384000.0,310384000.0,310384000.00000006,310384000.0,42164.0,42164.00000000001,42164.0,42164.00000000001,42164.00000000001,29.708079865454582,29.710486021753045,29.706114483352643,29.708956675057088,29.714412519035307
2011.0,2011.0,312995978.3697237,312960815.7459952,312776488.4806615,312897258.5444551,313155513.14470935,42165.89671948905,42168.47976747978,42171.35508704199,42169.61589253668,42165.41464247211,29.701173241558116,29.704443181137503,29.701448030698668,29.703431243023342,29.70690763470238
2012.0,2012.0,315558008.6062081,315460855.1012327,314940390.2570948,315282975.5586369,316009666.8328832,42655.02282529675,42660.872141949396,42667.38330808234,42663.4448991102,42653.931161056236,29.83809576214065,29.84250671979275,29.841506592578895,29.842231360668276,29.842854795940955
2013.0,2013.0,318097349.65783054,317917586.5834727,316928547.7931976,317583163.3005912,318958363.94870245,43497.20057135994,43505.024632679146,43513.7339856017,43508.46595941539,43495.7403584043,30.07689170419791,30.08211017158137,30.08302464146354,30.082510846909976,30.080439392461624
2014.0,2014.0,320641260.47296876,320364478.7104751,318793803.5528668,319839834.02836365,322013507.3763478,44558.252211615414,44564.78474893926,44572.056442080706,44567.658013147055,44557.03303716824,30.375626515297014,30.380744264991367,30.38283521986436,30.38149685397528,30.37786015123453
2015.0,2015.0,323216999.99999994,322835000.0,320589000.0,322095000.0,325186999.99999994,45704.0,45704.0,45704.0,45704.0,45704.0,30.693891061069127,30.697466096939156,30.69937842796352,30.697999267605265,30.69483784827907
2016.0,2016.0,325845385.6552475,325354919.43375087,322354262.968222,324381195.9731639,328488326.28780234,46823.81051003733,46809.74536631745,46795.167897056046,46805.46108510583,46827.06703220755,31.000000000000004,31.0,31.000000000000004,31.000000000000004,30.999999999999996
2017.0,2017.0,328521468.72681844,327919207.8492053,324078851.77006924,326693046.7039917,331917297.043748,47901.22759359829,47862.005713090985,47826.97903180854,47859.971335343245,47913.59984972309,31.2046341650124,31.478761735774242,31.54058379421305,31.480549294479335,31.70941573844183
2018.0,2018.0,331233858.97076565,330515136.54778427,325739309.0878053,329015699.44823736,335471304.6557924,48943.33942214058,48863.99337670579,48804.806218033016,48880.45104302774,48975.19915113485,31.39901705548422,31.931075675202333,32.05050357896258,31.942134870228962,32.40163193544487
2019.0,2019.0,333971166.14314175,333129976.8309088,327312177.6036942,331334301.4616554,339147741.51189125,49957.234167121904,49818.92069354706,49734.02226950499,49879.82050047482,50023.46563503107,31.5849549399959,32.358965486137414,32.53305828064421,32.39106442096404,33.08433758241954
2020.0,2020.0,336722000.00000006,335751000.00000006,328774000.00000006,333634000.0,342944000.0,50950.0,50730.0,50620.0,50871.0,51070.0,31.764141847039763,32.764376231575476,32.99147078851486,32.83347712886696,33.76521322525387
2021.0,2021.0,339476063.0092861,338366962.51900136,330106531.6464504,335900997.5628893,346855189.70408124,51927.97324036165,51600.43476725044,51467.58932473386,51864.72376704004,52124.83722869769,31.938032023167835,33.149175743135444,33.4286106178177,33.274374791655816,34.450902297355775
2022.0,2022.0,342227428.4865182,340972561.50194633,331312378.66262865,338125717.6253967,350867288.9921251,52894.48280031014,52433.39300568672,52279.548564683544,52862.98175951689,53191.74944005143,32.10744025461723,33.51513789800053,33.84614585635254,33.71472390743154,35.143929802661475
2023.0,2023.0,344971262.45910716,343563979.22539055,332399359.8555817,340299638.90645945,354963993.4281281,53852.10574007778,53232.03386049776,53058.11314226629,53865.5778684737,54272.943037056335,32.272999737218086,33.86397487222816,34.245422160676306,34.154495610375264,35.84579184269953
2024.0,2024.0,347702730.9544641,346137397.96588975,333375294.0323564,342414240.1250148,359128998.5760875,54803.41911989694,53999.51647687252,53805.51847989934,54872.31598495366,55370.624422707486,32.43531113898791,34.19735164002417,34.62775552611946,34.59366245045634,36.55798429431784
2025.0,2025.0,350417000.0,348689000.0,334248000.0,344461000.0,363346000.0,55750.999999999985,54739.0,54524.0,55883.0,56487.0,32.59494544666479,34.516891242019895,34.99443542335005,35.03219837824108,37.282002709180105
2026.0,2026.0,353110234.30760795,351215310.49024355,335025378.44597626,346434485.775279,367600154.8958727,56696.736528516034,55453.21156468079,55215.59480400852,56897.07584673399,57623.59205300172,32.75232420902029,34.82398837876007,35.34662572082255,35.46991304464176,38.01888637494724
2027.0,2027.0,355782593.327109,353714226.1430097,335715657.57941645,348341618.79442185,371882466.9877524,57639.7612051612,56143.15026416222,55881.546709457354,57912.55762658927,58779.18639007124,32.907366340432226,35.11924645128268,35.685063601336225,35.90596103226415,38.76785159363932
2028.0,2028.0,358435235.192806,356183986.55065393,336327147.48986846,350192408.9259252,376185401.6316956,58578.517617548336,56809.38318130324,56522.90121290191,58927.101483077546,59951.88470063991,33.0598750132151,35.40306317721627,36.01037027431302,36.33934944742405,39.527661102378936
2029.0,2029.0,361069318.03900194,358622831.30553204,336868158.2668802,351996866.0382856,380501424.18375915,59511.44935329031,57452.47739896284,57140.703810897634,59938.36355971053,61139.78867413904,33.20966201211639,35.675824139282376,36.323154495679816,36.76910405923802,40.297080203681055
2030.0,2030.0,363686000.0,361029000.0,337347000.0,353765000.0,384823000.0,60437.0,58073.0,57736.00000000001,60944.0,62341.000000000015,33.3565470023944,35.937903712558956,36.62401361427466,37.19426810641117,41.074876737591076
2031.0,2031.0,366286167.7602821,363401099.5200242,337770362.5696444,355504299.3359948,389144734.7124279,61353.45664557416,58671.862974026415,58310.10345923204,61941.524846023996,63552.7385592955,33.50033193442295,36.18981373268529,36.91367565183565,37.61384870922911,41.85923333128103
2032.0,2032.0,368869622.20504624,365739205.92601514,338138455.0197057,357212167.1969163,393469795.05686593,62258.48037904509,59251.3579376645,58865.4005974871,62927.883734126095,64768.69699966372,33.6407278120914,36.43264400711131,37.193421743462224,38.02666123972868,42.645985328524155
2033.0,2033.0,371435892.7696693,368043762.571994,338449866.1849448,358883485.3898402,397803488.0450899,63149.575789728915,59814.12141428937,59404.546006126155,63899.88019921618,65981.68616038418,33.77743214604006,36.66761357018697,37.46466063948868,38.43148986385546,43.430385785894416
2034.0,2034.0,373984508.88952816,370315212.8119818,338703184.90012246,360513135.7218427,402151120.6888758,64024.24746694183,60362.78992727615,59930.19427651012,64854.31777620417,67184.51688073642,33.91015316338354,36.89592361825312,37.72878838211899,38.82713880313839,44.207693348725165
2035.0,2035.0,376515000.0,372554000.00000006,338897000.0,362096000.00000006,406518000.0,64880.0,60899.99999999999,60445.0,65787.99999999999,68370.0,34.038608586386,37.11875900802371,37.98718941695131,39.212430435307816,44.97317217297402
2036.0,2036.0,379026270.6512638,374760243.42965955,339029851.27544606,363627492.8807418,410908434.2544155,65715.0208891873,61428.02453921357,60951.39135906335,66698.65676917,69532.9417098163,34.16263262716708,37.33713577570032,38.24112405804221,39.586586487313646,45.7234073235178
2037.0,2037.0,381514725.85270655,376932766.15293,339100082.34176093,365105160.4179136,415322736.78478426,66530.22927865852,61947.68198517985,61450.890900594306,67587.72343690638,70676.12961127398,34.28249188566649,37.551444302032195,38.49139034559179,39.950362846560424,46.460247853707685
2038.0,2038.0,383976145.7285175,379070067.16137075,339105987.7703527,366527081.5147144,419760222.18794525,67327.22722353606,62459.42716153933,61944.79476259357,68457.56172005774,71804.3466578235,34.398547640711584,37.76191698089413,38.738667616465,40.30487801047469,47.18685488254398
2039.0,2039.0,386406310.4028855,381170645.44654083,339045862.13262975,367891335.07434344,424220205.0607374,68107.61677894239,62963.714891932534,62434.39908306187,69310.53333547273,72922.37580291533,34.511147019231544,37.96878301626791,38.983630672755304,40.651228634744,47.90638540149887
2040.0,2040.0,388801000.0,383233000.00000006,338918000.0,369196000.0,428702000.0,68873.00000000001,63461.00000000001,62921.0,70148.99999999999,74035.0,34.62062421444499,38.17226859566146,39.226950050096185,40.99049132083075,48.62199232742742
2041.0,2041.0,391157205.6346629,385256494.76133776,338721288.3285714,370439633.1410379,433206280.2699101,69624.18779767661,63951.278869119305,63405.083104514546,70974.60007729598,75145.63860143932,34.72717995492028,38.37240191370523,39.46888653750835,41.32342776501609,49.33592466034129
2042.0,2042.0,393476762.384128,387243953.4622652,338456983.61325073,371622703.1314296,437739153.8039974,70358.82650632094,64432.714121616176,63883.891800135745,71786.07851824841,76252.25655524046,34.83052483426795,38.56843162026924,39.70807892997047,41.64960510362191,50.046829934697655
2043.0,2043.0,395762716.3162615,389199064.7825238,338126934.73364437,372746156.55130243,442308087.2031297,71073.77131612695,64903.00993955339,64353.85894349965,72581.45692055285,77351.45520832193,34.93025666798612,38.759418528942255,39.94276920194181,41.968299861572554,50.752457604014914
2044.0,2044.0,398018113.4989299,391125517.4018549,337732990.5693586,373810939.9807834,446920547.06817454,71765.87741728863,65359.87050499373,64811.41739124236,73358.75688190486,78439.83590760226,35.025982761746086,38.94443107074938,40.17120871181326,42.278795745708656,51.45055949745147
2045.0,2045.0,400246000.0,393027000.00000006,337277000.0,374818000.00000006,451584000.00000006,72432.0,65801.0,65252.999999999985,74116.0,79514.0,35.117318634119044,39.12254458459614,40.391657323182066,42.58038286580826,52.1388898782176
2046.0,2046.0,402449250.81008446,394907329.5249896,336761619.4102682,375769350.55510676,456304212.6659441,73070.36392010628,66225.09198430924,65676.15622287842,74852.26292164609,80572.05588442646,35.20408512110584,39.293251084718754,40.6029317049912,42.872776299118385,52.81619932159628
2047.0,2047.0,404630056.610782,396770835.9980096,336192735.2052362,376671275.05636823,461080151.99922645,73684.67269605784,66634.79752835554,66082.90189886276,75570.84249010004,81618.14016776429,35.28689282945067,39.45768355666298,40.806046817155455,43.15736335193204,53.485213836841766
2048.0,2048.0,406790437.0064371,398621977.7085348,335577041.2950701,377531124.28007627,465909084.9995366,74279.99951195622,67033.7570802472,66476.36946340789,76276.09059773089,82657.89650888887,35.36653078962659,39.61737312528229,41.00255837665048,43.43592851763869,54.14964935983512
2049.0,2049.0,408932411.6013948,400465212.9460399,334921231.5899359,378356249.0025228,470788278.6665644,74861.41755190307,67425.61108809257,66859.69135196865,76972.35913690783,83696.9685666756,35.44376781874125,39.773837958094376,41.19401303169536,43.71023338623288,54.81321733008462
2050.0,2050.0,411057999.99999994,402305000.0,334232000.00000006,379154000.0,475715000.0,75434.0,67814.0,67236.0,77664.0,84741.0,35.51935437268615,39.92858414688566,41.3819491288022,43.98201815046812,55.479624668189714
2051.0,2051.0,413169527.124999,404145443.1387038,333515258.03035563,379930788.6385352,480687685.0663135,76002.10052189826,68201.99319364374,67607.91600397171,78354.89223611966,85794.8098608548,35.59392205974972,40.082872422691,41.56764846389874,44.252819072599635,56.15202997457237
2052.0,2052.0,415270539.1727445,405989230.5456968,332773787.5658046,380689268.64309794,485709446.19909745,76567.19470944781,68590.37576496175,67976.01260441323,79047.02352135161,86859.91877370246,35.66768331939849,40.237020302956545,41.75139241406506,44.52342243726413,56.83141344246879
2053.0,2053.0,417364887.6579904,407838696.3833376,332009588.08607566,381431154.3283929,490784564.79872453,77130.03863604821,68979.36173945786,68340.3512028689,79741.90868852369,87937.0227561227,35.740745120368075,40.391109904756824,41.93321248523727,44.79442314872975,57.518210514506954
2054.0,2054.0,419456424.0954909,409696174.8139856,331224659.0708978,382158160.0091253,495917322.26556766,77691.38837509906,69369.16514263597,68700.99320088302,80441.06257046385,89026.81782569527,35.81321205756354,40.545222709179725,42.11313971780604,45.066409579774316,58.212856004598365
2055.0,2055.0,421549000.0,411563999.9999999,330421000.0,382872000.0,501111999.99999994,78252.0,69759.99999999999,69058.0,81145.99999999999,90130.00000000001,35.885186445026136,40.69943957094041,42.29120469316609,45.339963678365734,58.915784099947494
2056.0,2056.0,423644808.6899194,413442825.9201947,329599940.46830934,383573158.89075255,506369751.0688019,78812.94599230068,70152.37524111579,69411.65976123471,81858.29613387526,91247.79267215426,35.95681592669506,40.85396592624423,42.46755111847488,45.615688956384346,59.627784038295175
2057.0,2057.0,425739410.6982404,415326585.81920356,328760130.5315458,384257202.3712406,511679215.2043843,79376.56446615102,70547.97941179754,69763.16768348437,82579.76742449368,92383.52873742595,36.028434262976546,41.00950561914303,42.64277587951596,45.894293927439534,60.35106641213376
2058.0,2058.0,427826708.36160165,417207532.758115,327899550.3606276,384918466.40635234,517025903.8055658,79945.50994385102,70948.79596192138,70113.94572511663,83312.29064817444,93541.06846662046,36.100415572350556,41.16688219451556,42.817587151164126,46.176507746560596,61.088194890279105
2059.0,2059.0,429900604.0166418,419077919.7980175,327016180.1264729,385551286.960976,522395328.2711648,80522.43694770068,71356.80834136347,70465.41584449925,84057.74258123679,94724.27213054331,36.17312643520274,41.32691322586854,42.9926907330692,46.463052194386556,61.84173042476844
2060.0,2060.0,431954999.9999999,420930000.0,326108000.0,386150000.0,527772999.99999994,81110.0,71774.0,70819.0,84817.99999999999,95936.99999999999,36.24692592513792,41.490410238363566,43.16879011559911,46.75464163908069,62.61423136782531
2061.0,2061.0,433984638.11532336,422756925.180517,325173076.09640706,386709599.79845464,533146686.6584791,81709.73150889904,72201.45784189303,71175.0689510894,85593.85922837924,97182.01145052808,36.322013821504,41.657813834809474,43.346074028382716,47.051564816836354,63.40752729625773
2062.0,2062.0,435987618.0342943,424555442.17748916,324209818.30801237,387227713.87193996,538513180.9833658,82318.67542594815,72636.6825878481,71529.78866164939,86381.79478067375,98457.66227659384,36.39798171208498,41.82810490340429,43.522682710131484,47.352439488581,64.22054174222224
2063.0,2063.0,437962878.89560354,426323196.5842026,323216722.4714142,387702628.04619783,543871531.979013,82932.75358854773,73076.27841285669,71878.27389666466,87177.20071877858,99761.2073773955,36.47427948480712,41.99990870775563,43.69625178617193,47.6554830253472,65.05147402414379
2064.0,2064.0,439909359.8379417,428057833.993944,322192284.4232105,388132628.14697045,549220788.6497732,83547.8878340982,73516.84949191016,72215.63942111994,87975.47110458894,101089.90165213143,36.550368633533715,42.17186113608872,43.86442524906071,47.95893282182737,65.89852592516178
2065.0,2065.0,441826000.0,429756999.99999994,321135000.0,388515999.99999994,554559999.9999999,84160.0,73955.0,72537.0,88772.0,102441.0,36.625722027851204,42.34260862126566,44.024854696162905,48.26104598133146,66.75990162840421
2066.0,2066.0,443712038.8487869,431418337.35773677,320043443.1460624,388850865.9154287,559888750.2972817,84765.71197210318,74387.9693913121,72838.37643440766,89562.9709526077,103812.3215257333,36.69991369037715,42.51106201244546,44.175637540809156,48.56039898060144,67.63417329569826
2067.0,2067.0,445567917.16458255,433039477.4708401,318916500.23640496,389134694.1409998,565208764.862153,85364.44583005643,74815.53823681007,73119.41366991818,90347.72545281143,105203.94215619877,36.77288514109796,42.67715484793651,44.316631160953534,48.85678131710614,68.52137704302407
2068.0,2068.0,447394376.05598474,434618048.90507483,317753135.7537161,389364789.40885645,570522304.278383,85956.32370195808,75238.122386652,73380.66268822484,91126.39447671126,106616.50202379757,36.84466814279984,42.84107417855787,44.44813025316094,49.15028327963233,69.42191442087812
2069.0,2069.0,449192156.6315911,436151680.2262063,316552314.18068486,389538456.4511421,575831629.1297419,86541.4677159065,75656.13769099592,73622.67447102099,91899.10900040739,108050.6412609309,36.91529361262019,43.003005540754906,44.5704270868138,49.44099413999303,70.33618654305214
2070.0,2070.0,450961999.99999994,437638000.00000006,315313000.00000006,389653000.0,581139000.0,87120.00000000001,76070.0,73846.0,92666.00000000001,109507.0,36.98479165981676,43.1631330269973,44.68381169692321,49.72900221598805,71.26459408292415
2071.0,2071.0,452702406.489529,439074757.3885357,314034087.3193434,389705840.5398305,586444376.1523932,87692.98860268829,76480.64059285862,74052.04131127994,93428.29696118995,110986.6384465387,37.053317029277395,43.32184336767887,44.78898416434006,50.014806132548316,72.20781906937762
2072.0,2072.0,454402913.3073759,440460183.9391512,312714188.74636847,389694861.5640612,591738511.5680228,88265.28525382622,76891.05246491171,74245.604658678,94191.62340808069,112492.2970986112,37.12152083263476,43.48033527336058,44.888289819515386,50.30054047416699,73.16766997763129
2073.0,2073.0,456050816.88045824,441792631.7954989,311351846.5137219,389618062.3183767,597009858.9074556,88842.68760362003,77304.74404053546,74432.34735043609,94962.7013743765,114027.13652741435,37.19016663656352,43.64000268281394,44.98448133386483,50.58872853108876,74.1462358529586
2074.0,2074.0,457633413.63569367,443070453.1012309,309945602.8540502,389473442.0484614,602246870.8312588,89430.99330227586,77725.22374410612,74617.92669479609,95748.2528937815,115594.31730414499,37.26000420384774,43.80223017769887,45.08030714035744,50.881869494045034,75.14560457300877
2075.0,2075.0,459137999.99999994,444292000.0,308494000.0,389259000.0,607438000.0,90036.0,78156.0,74808.0,96554.99999999999,117197.0,37.33176949604846,43.96839293513981,45.17851191238048,51.18243838544465,76.16786301748643
2076.0,2076.0,460553551.193097,445456001.08812064,306996135.5765643,388973211.92524934,612572969.093145,90662.02961714371,78599.4762372534,75006.66632047256,97387.7772026326,118837.50868811196,37.40599764009359,44.13942101104191,45.28108161397497,51.4921850249719,77.2145489456591
2077.0,2077.0,461875757.6059142,446562690.7725557,305453328.77812165,388616459.6027555,617646580.8657566,91307.50115463877,79053.63590354321,75211.7916953699,98243.86891486589,120514.82144935656,37.482469580921205,44.31449876616803,45.3869804249971,51.810046084732,78.28500712529832
2078.0,2078.0,463101988.42218274,447612679.9129305,303867454.1913967,388189601.3176371,622654908.0917953,91969.35788356196,79515.35745120628,75419.68391003094,99118.67202578287,122227.07986654516,37.56078515003646,44.492382234533444,45.49441963934846,52.13427157095002,79.37803589943137
2079.0,2079.0,464229612.82563406,448606579.36887014,302240386.40311456,387693495.35501236,627594023.5452228,92644.54307499007,79981.51933257956,75626.65074979464,100007.58342446656,123972.42552248915,37.640551928693846,44.671836363784024,45.60161330781215,52.4631293668696,80.49243569569781
2080.0,2080.0,465255999.99999994,449545000.00000006,300574000.0,387129000.00000006,632460000.0000001,93330.0,80449.0,75829.0,100906.0,125749.0,37.7213854454199,44.851635079707684,45.70677815263039,52.79490548964161,81.62700898921118
2081.0,2081.0,466180004.7380827,450428766.25898224,298870274.3743994,386497295.75917226,637250275.4750264,94023.30092873685,80915.35045812772,76024.01340682982,101810.39422827966,127555.36680101347,37.802981521959936,45.03082256484778,45.80860232300157,53.128295652637874,82.78082876060438
2082.0,2082.0,467006424.2689678,451259556.97062665,297131608.1411453,385800852.02491695,641967748.9689518,94724.53412761878,81380.81192091554,76212.8685598425,102721.54093245583,129391.77710396271,37.885329847786856,45.209493407726576,45.907650802085755,53.463571448385224,83.95404317581999
2083.0,2083.0,467741541.4308114,452039264.55277985,295360504.7206914,385042460.4110755,646616684.725364,95434.4168621323,81846.29815463952,76397.71700944024,103641.29052249211,131258.9040064052,37.96849160171208,45.38800188969124,46.00495608515254,53.80139099828672,85.14706871321044
2084.0,2084.0,468391639.0617699,452769781.42328864,293559467.5334916,384224912.5314892,651201346.9878507,96153.66639776385,82312.72292557564,76580.7103060253,104571.49340835225,133157.42060589843,38.05252637388167,45.566699736030266,46.101549014366135,54.14240535814681,86.36032144307084
2085.0,2085.0,468963000.0,453453000.0,291731000.00000006,383350999.99999994,655726000.0,96882.99999999999,82781.0,76763.99999999999,105514.0,135088.0,38.13749214013471,45.74593616229398,46.19845890107896,54.48725855056394,87.59421699690397
2086.0,2086.0,469459853.85457236,454090701.87595075,289877342.92583805,382423397.0380615,660192689.0067497,97623.21466790898,83251.88993023576,76949.50405220815,106470.49388424873,137051.5041078342,38.2234596164988,45.92599907903577,46.296602411906335,54.836527924397124,88.84930190741493
2087.0,2087.0,469878217.3182154,454684225.34493864,287999686.6572976,381444308.297577,664594583.2584373,98375.42633488623,83725.54041279473,77138.20606526021,107441.99135531097,139049.5501347928,38.31055502650496,46.10693945884756,46.39645040147439,55.190546514309496,90.1266480416893
2088.0,2088.0,470212053.85457224,455234797.87595075,286098958.92583805,380415821.03806156,668922633.0067497,99140.83066790896,84201.94593023577,77330.85605220817,108429.34188424873,141083.94410783422,38.39891634244033,46.288749281079745,46.49836202280184,55.54958421193557,91.42745914855698
2089.0,2089.0,470455326.927286,455743646.9379753,284176087.462919,379340022.5190307,673167788.5033747,99920.62333395446,84681.10096511786,77528.20402610405,109433.39494212436,143156.4920539171,38.48867883222505,46.47142056452425,46.6026959676007,55.91390770293006,92.75293970514716
2090.0,2090.0,470602000.0,456211999.99999994,282232000.00000006,378219000.0,677321000.0,100715.99999999999,85163.0,77731.0,110454.99999999999,145269.0,38.57997507359291,46.65494536348182,46.7098104403939,56.28378043537397,94.10429506496652
2091.0,2091.0,470647115.8436284,456640706.23721486,280267569.92224866,377054444.0885816,681374584.4979753,101527.89639962732,85647.66582092931,77939.64238433757,111494.6382347254,147423.2727676498,38.672902602198484,46.83932776313822,46.819894426620365,56.65933336148497,95.48272509103208
2092.0,2092.0,470590034.45817107,457029101.6496197,278283453.2296648,375846458.7847754,685326325.9973001,102356.20853283642,86135.2344279057,78153.12317911674,112551.3176463005,149621.11035686635,38.76742812417962,47.024619752623025,46.93246203199809,57.04018023671312,96.88940434021362
2093.0,2093.0,470431195.1508997,457376143.9434172,276280251.57595676,374594751.43667847,689175375.2476377,103200.57246623185,86625.8701244175,78370.08278172713,113623.67794051293,151864.31156225805,38.86348688887795,47.210885017034784,47.046859412006604,57.42581056064225,98.32550105575952
2094.0,2094.0,470171037.22908556,457680790.8248099,274258566.6148325,373299029.39238775,692920882.9986503,104060.62426641822,87119.73721395287,78589.16158955838,114710.35882315025,154154.67517843322,38.96101539979779,47.39818691424131,47.162433620547006,57.815719596882104,99.79218366027098
2095.0,2095.0,469810000.0,457942000.0,272219000.0,371959000.0,696562000.0,104936.0,87617.0,78809.0,115809.99999999999,156494.00000000003,39.05995143576615,47.58658848153647,47.27853262192589,58.20940839828341,101.2906208181586
2096.0,2096.0,469348522.7709146,458158729.1751903,270162153.38516766,370574370.6076125,700097877.0013502,105826.33573358183,88117.82278604718,79028.23841044164,116921.24117684977,158884.0848215669,39.160234068768744,47.77615244225607,47.39450527964085,58.606383808665804,102.82198149824245
2097.0,2097.0,468787044.8491004,458329936.05658287,268088628.4240434,369144848.56332165,703527664.7523626,106731.26753376817,88622.36987558253,79245.51721827286,118042.72205948707,161326.72843774204,39.261803678647794,47.96694121237662,47.50970132245106,59.00615844283938,104.38743503660054
2098.0,2098.0,468126005.541829,458454578.3503804,265999026.77033526,367670141.2152247,706850514.0026999,107650.43146716361,89130.80557209431,79459.47682088325,119173.08235369949,163823.7296431337,39.36460196485073,48.15901690712175,47.623471288210304,59.408250646635246,105.98815119977172
2099.0,2099.0,467365844.15637165,458531613.7627852,263893950.0777514,366149955.91141844,710065575.5020249,108583.46360037268,89643.29417907071,79668.75761566244,120310.9617652746,166376.88723235024,39.468571955419925,48.35244134760069,47.735166445921315,59.812184438585795,107.62530024841705
2100.0,2100.0,466507000.0,458560000.0,261774000.0,364584000.0,713172000.0,109530.0,90160.0,79872.0,121455.0,168988.0,39.573658013414516,48.54727606750435,47.8441386964385,60.21748943481538,109.3000530015445
